City,URL,Latitude,Longitude,Timezone,Error,Weather Report?
kuril-sk,https://wetter.com/russland/kuril-sk/RU2123979.html,45.2269,147.8777,Asia/Magadan,,True
shikotan,https://wetter.com/russland/shikotan/RU6930874.html,43.7992,146.7216,Asia/Magadan,,True
atka,https://wetter.com/russland/atka/RU2126998.html,60.835,151.7894,Asia/Magadan,,True
shirokiy,https://wetter.com/russland/shirokiy/RU2121281.html,63.0768,148.0437,Asia/Magadan,,True
sinegor-ye,https://wetter.com/russland/sinegor-ye/RU2121197.html,62.0878,150.5216,Asia/Magadan,,True
sokol,https://wetter.com/russland/sokol/RU2121102.html,59.9183,150.7496,Asia/Magadan,,True
belichan,https://wetter.com/russland/belichan/RU2126782.html,62.89,148.1338,Asia/Magadan,,True
kholodnyy,https://wetter.com/russland/kholodnyy/RU2124611.html,62.7133,147.9136,Asia/Magadan,,True
arman,https://wetter.com/russland/arman/RU2127060.html,59.6699,150.1316,Asia/Magadan,,True
mal-dyak,https://wetter.com/russland/mal-dyak/RU2123557.html,62.9987,148.2369,Asia/Magadan,,True
korkodon,https://wetter.com/russland/korkodon/RU2124294.html,64.7456,153.9694,Asia/Magadan,,True
dukat,https://wetter.com/russland/dukat/RU2125906.html,62.5723,155.3499,Asia/Magadan,,True
kadykchan,https://wetter.com/russland/kadykchan/RU2130918.html,63.0786,147.0114,Asia/Magadan,,True
palatka,https://wetter.com/russland/palatka/RU0MG0001.html,60.1018,150.9343,Asia/Magadan,,True
galimyy,https://wetter.com/russland/galimyy/RU2125640.html,62.3538,155.9613,Asia/Magadan,,True
ewensk,https://wetter.com/russland/ewensk/RU2125693.html,61.9172,159.2335,Asia/Magadan,,True
mjaundscha,https://wetter.com/russland/mjaundscha/RU2123100.html,63.05,147.1844,Asia/Magadan,,True
merenga,https://wetter.com/russland/merenga/RU2123308.html,61.8906,156.1361,Asia/Magadan,,True
omsukchan,https://wetter.com/russland/omsukchan/RU2122493.html,62.5158,155.7904,Asia/Magadan,,True
debin,https://wetter.com/russland/debin/RU2126025.html,62.342,150.7575,Asia/Magadan,,True
karamken,https://wetter.com/russland/karamken/RU2124984.html,60.2093,151.0939,Asia/Magadan,,True
orotukan,https://wetter.com/russland/orotukan/RU2122414.html,62.2642,151.6715,Asia/Magadan,,True
raduzhnyy,https://wetter.com/russland/raduzhnyy/RU2121702.html,62.0333,152.3833,Asia/Magadan,,True
magadan,https://wetter.com/russland/magadan/RU2123628.html,59.5638,150.8035,Asia/Magadan,,True
otrada,https://wetter.com/russland/otrada/RU2122334.html,44.0683,145.8645,Asia/Magadan,,True
juschno-kurilsk,https://wetter.com/russland/juschno-kurilsk/RU2119447.html,44.0273,145.8615,Asia/Magadan,,True
talaya,https://wetter.com/russland/talaya/RU2120769.html,61.3704,152.7688,Asia/Magadan,,True
yagodnoye,https://wetter.com/russland/yagodnoye/RU2119626.html,62.5241,149.6283,Asia/Magadan,,True
zhurba,https://wetter.com/russland/zhurba/RU2119317.html,61.7833,152.4,Asia/Magadan,,True
verkhniy-at-uryakh,https://wetter.com/russland/verkhniy-at-uryakh/RU2119859.html,62.6511,150.1071,Asia/Magadan,,True
uptar,https://wetter.com/russland/uptar/RU2120129.html,59.8992,150.8738,Asia/Magadan,,True
ust-omchug,https://wetter.com/russland/ust-omchug/RU2120047.html,61.1334,149.6328,Asia/Magadan,,True
takhtoyamsk,https://wetter.com/russland/takhtoyamsk/RU2120790.html,60.1981,154.6798,Asia/Magadan,,True
svetlyy,https://wetter.com/russland/svetlyy/RU2120846.html,62.8,147.943,Asia/Magadan,,True
snezhnaya-dolina-cneznaa-dolina,https://wetter.com/russland/snezhnaya-dolina-cneznaa-dolina/RU10172841.html,59.7353,150.8586,Asia/Magadan,,True
spornoye,https://wetter.com/russland/spornoye/RU2121033.html,62.3411,151.1058,Asia/Magadan,,True
ola,https://wetter.com/russland/ola/RU2122574.html,59.5782,151.2982,Asia/Magadan,,True
sussuman,https://wetter.com/russland/sussuman/RU2120864.html,62.7808,148.154,Asia/Magadan,,True
seimtschan,https://wetter.com/russland/seimtschan/RU2121373.html,62.9337,152.3911,Asia/Magadan,,True
surovaya,https://wetter.com/russland/surovaya/RU2120872.html,62.85,148.2333,Asia/Magadan,,True
pestraya-dresva,https://wetter.com/russland/pestraya-dresva/RU2122117.html,61.5667,156.6833,Asia/Magadan,,True
kulu,https://wetter.com/russland/kulu/RU2124029.html,62.3167,147.7167,Asia/Magadan,,True
malaya-itkana,https://wetter.com/russland/malaya-itkana/RU2123588.html,61.6667,162.3833,Asia/Magadan,,True
burkhala,https://wetter.com/russland/burkhala/RU2126407.html,62.6482,149.1134,Asia/Magadan,,True
mgachi,https://wetter.com/russland/mgachi/RU2123292.html,51.0483,142.2682,Asia/Sakhalin,,True
okha,https://wetter.com/russland/okha/RU2122614.html,53.5899,142.9531,Asia/Sakhalin,,True
leonidovo,https://wetter.com/russland/leonidovo/RU2123805.html,49.2862,142.8698,Asia/Sakhalin,,True
nogliki,https://wetter.com/russland/nogliki/RU2122783.html,51.7992,143.1387,Asia/Sakhalin,,True
shebunino,https://wetter.com/russland/shebunino/RU2121324.html,46.4301,141.857,Asia/Sakhalin,,True
tomari,https://wetter.com/russland/tomari/RU2120530.html,47.7648,142.0711,Asia/Sakhalin,,True
pravda,https://wetter.com/russland/pravda/RU2121874.html,46.9397,142.0043,Asia/Sakhalin,,True
yablochnyy,https://wetter.com/russland/yablochnyy/RU2119640.html,47.152,142.0568,Asia/Sakhalin,,True
uglezavodsk,https://wetter.com/russland/uglezavodsk/RU2120257.html,47.3233,142.6332,Asia/Sakhalin,,True
troitskoye,https://wetter.com/russland/troitskoye/RU2120452.html,46.9249,142.6453,Asia/Sakhalin,,True
vostok,https://wetter.com/russland/vostok/RU2119701.html,48.9772,142.9156,Asia/Sakhalin,,True
tungor,https://wetter.com/russland/tungor/RU2120400.html,53.3912,142.9576,Asia/Sakhalin,,True
tymowskoje,https://wetter.com/russland/tymowskoje/RU2120334.html,50.8493,142.6652,Asia/Sakhalin,,True
shakhtersk,https://wetter.com/russland/shakhtersk/RU2121367.html,49.1718,142.1364,Asia/Sakhalin,,True
sinegorsk,https://wetter.com/russland/sinegorsk/RU2121198.html,47.1728,142.5158,Asia/Sakhalin,,True
smirnych,https://wetter.com/russland/smirnych/RU2121126.html,49.746,142.8372,Asia/Sakhalin,,True
uglegorsk,https://wetter.com/russland/uglegorsk/RU0SL0001.html,49.0805,142.0645,Asia/Sakhalin,,True
vostochnyy,https://wetter.com/russland/vostochnyy/RU2119711.html,48.2651,142.6232,Asia/Sakhalin,,True
vakhrushev,https://wetter.com/russland/vakhrushev/RU2119964.html,48.9904,142.953,Asia/Sakhalin,,True
korsakow,https://wetter.com/russland/korsakow/RU2124286.html,46.6342,142.7772,Asia/Sakhalin,,True
sokol,https://wetter.com/russland/sokol/RU2121103.html,47.2446,142.7517,Asia/Sakhalin,,True
poronaysk,https://wetter.com/russland/poronaysk/RU2121909.html,49.2219,143.0969,Asia/Sakhalin,,True
boshnyakovo,https://wetter.com/russland/boshnyakovo/RU2126493.html,49.6457,142.1705,Asia/Sakhalin,,True
chekhov,https://wetter.com/russland/chekhov/RU2126250.html,47.4498,141.9906,Asia/Sakhalin,,True
aleksandrovsk-sakhalinskiy,https://wetter.com/russland/aleksandrovsk-sakhalinskiy/RU2127282.html,50.8993,142.1622,Asia/Sakhalin,,True
nevel-sk,https://wetter.com/russland/nevel-sk/RU2122894.html,46.679,141.8563,Asia/Sakhalin,,True
bykov,https://wetter.com/russland/bykov/RU2126359.html,47.321,142.5623,Asia/Sakhalin,,True
dolinsk,https://wetter.com/russland/dolinsk/RU2125945.html,47.3295,142.7929,Asia/Sakhalin,,True
gastello,https://wetter.com/russland/gastello/RU2125626.html,49.1006,142.9592,Asia/Sakhalin,,True
gornozavodsk,https://wetter.com/russland/gornozavodsk/RU2125472.html,46.5598,141.8436,Asia/Sakhalin,,True
aniwa,https://wetter.com/russland/aniwa/RU2127154.html,46.7149,142.5287,Asia/Sakhalin,,True
kholmsk,https://wetter.com/russland/kholmsk/RU2124615.html,47.0474,142.0505,Asia/Sakhalin,,True
juschno-sachalinsk,https://wetter.com/russland/juschno-sachalinsk/RU2119441.html,46.9541,142.736,Asia/Sakhalin,,True
makarov,https://wetter.com/russland/makarov/RU2123614.html,48.627,142.78,Asia/Sakhalin,,True
krasnogorsk,https://wetter.com/russland/krasnogorsk/RU2124187.html,48.4173,142.0869,Asia/Sakhalin,,True
cherskiy,https://wetter.com/russland/cherskiy/RU2126199.html,68.7533,161.332,Asia/Srednekolymsk,,True
severo-kuril-sk,https://wetter.com/russland/severo-kuril-sk/RU2121385.html,50.6753,156.127,Asia/Srednekolymsk,,True
port-sorell,https://wetter.com/australien/port-sorell/AU2152653.html,-41.1665,146.5528,Australia/Hobart,,True
new-norfolk,https://wetter.com/australien/new-norfolk/AU2155415.html,-42.7826,147.0587,Australia/Hobart,,True
penguin,https://wetter.com/australien/penguin/AU0TS0009.html,-41.1226,146.0732,Australia/Hobart,,True
legana,https://wetter.com/australien/legana/AU2160399.html,-41.3657,147.0458,Australia/Hobart,,True
launceston,https://wetter.com/australien/launceston/AU0TS0008.html,-41.4388,147.1347,Australia/Hobart,,True
bellerive,https://wetter.com/australien/bellerive/AU2176313.html,-42.8755,147.3703,Australia/Hobart,,True
hobart,https://wetter.com/australien/hobart/AU0TS0007.html,-42.8794,147.3294,Australia/Hobart,,True
george-town-state-of-tasmania,https://wetter.com/australien/george-town-state-of-tasmania/AU0TS0005.html,-41.1056,146.8261,Australia/Hobart,,True
geeveston,https://wetter.com/australien/geeveston/AU2165791.html,-43.1634,146.9255,Australia/Hobart,,True
beauty-point,https://wetter.com/australien/beauty-point/AU2176478.html,-41.1622,146.8215,Australia/Hobart,,True
latrobe,https://wetter.com/australien/latrobe/AU2160523.html,-41.2464,146.4246,Australia/Hobart,,True
cygnet,https://wetter.com/australien/cygnet/AU2169589.html,-43.1533,147.0725,Australia/Hobart,,True
huonville,https://wetter.com/australien/huonville/AU2162873.html,-43.0312,147.0481,Australia/Hobart,,True
scottsdale,https://wetter.com/australien/scottsdale/AU2150060.html,-41.1578,147.5173,Australia/Hobart,,True
seven-mile-beach,https://wetter.com/australien/seven-mile-beach/AU6621356.html,-42.8586,147.5053,Australia/Hobart,,True
sandford,https://wetter.com/australien/sandford/AU2150485.html,-42.9333,147.5,Australia/Hobart,,True
wynyard,https://wetter.com/australien/wynyard/AU0TS0011.html,-40.9897,145.7262,Australia/Hobart,,True
snug,https://wetter.com/australien/snug/AU2149184.html,-43.0667,147.2547,Australia/Hobart,,True
smithton,https://wetter.com/australien/smithton/AU2149254.html,-40.8459,145.125,Australia/Hobart,,True
sheffield,https://wetter.com/australien/sheffield/AU2149687.html,-41.3995,146.339,Australia/Hobart,,True
ulverstone,https://wetter.com/australien/ulverstone/AU2145532.html,-41.1603,146.1824,Australia/Hobart,,True
spreyton,https://wetter.com/australien/spreyton/AU2148770.html,-41.2352,146.3511,Australia/Hobart,,True
margate,https://wetter.com/australien/margate/AU2158744.html,-43.0281,147.2626,Australia/Hobart,,True
queenstown,https://wetter.com/australien/queenstown/AU2152272.html,-42.0805,145.5565,Australia/Hobart,,True
westbury,https://wetter.com/australien/westbury/AU2144044.html,-41.5291,146.8391,Australia/Hobart,,True
richmond,https://wetter.com/australien/richmond/AU2151648.html,-42.7355,147.4383,Australia/Hobart,,True
somerset,https://wetter.com/australien/somerset/AU2149138.html,-41.0407,145.8306,Australia/Hobart,,True
hadspen,https://wetter.com/australien/hadspen/AU2164104.html,-41.5006,147.0736,Australia/Hobart,,True
ranelagh,https://wetter.com/australien/ranelagh/AU2152123.html,-43.0098,147.0376,Australia/Hobart,,True
longford,https://wetter.com/australien/longford/AU2159683.html,-41.6051,147.1189,Australia/Hobart,,True
perth,https://wetter.com/australien/perth/AU2153391.html,-41.5723,147.171,Australia/Hobart,,True
deloraine,https://wetter.com/australien/deloraine/AU2169113.html,-41.5248,146.657,Australia/Hobart,,True
st-helens,https://wetter.com/australien/st-helens/AU2150679.html,-41.3203,148.2389,Australia/Hobart,,True
devonport,https://wetter.com/australien/devonport/AU0TS0004.html,-41.177,146.3515,Australia/Hobart,,True
burnie,https://wetter.com/australien/burnie/AU0TS0001.html,-41.0558,145.9038,Australia/Hobart,,True
bridport,https://wetter.com/australien/bridport/AU2174066.html,-41.0005,147.3918,Australia/Hobart,,True
currie,https://wetter.com/australien/currie/AU2169638.html,-39.9298,143.8539,Australia/Hobart,,True
evandale,https://wetter.com/australien/evandale/AU2167056.html,-41.5686,147.2527,Australia/Hobart,,True
beaconsfield,https://wetter.com/australien/beaconsfield/AU2176541.html,-41.2023,146.8172,Australia/Hobart,,True
bagdad,https://wetter.com/australien/bagdad/AU2177263.html,-42.6297,147.2234,Australia/Hobart,,True
moe,https://wetter.com/australien/moe/AU0VI0029.html,-38.1783,146.261,Australia/Melbourne,,True
kyneton,https://wetter.com/australien/kyneton/AU2160885.html,-37.2444,144.4515,Australia/Melbourne,,True
morwell,https://wetter.com/australien/morwell/AU0VI0032.html,-38.2348,146.395,Australia/Melbourne,,True
fawkner,https://wetter.com/australien/fawkner/AU2166819.html,-37.7167,144.9667,Australia/Melbourne,,True
kyabram,https://wetter.com/australien/kyabram/AU2160910.html,-36.3134,145.0504,Australia/Melbourne,,True
hamilton,https://wetter.com/australien/hamilton/AU0VI0022.html,-37.7443,142.022,Australia/Melbourne,,True
horsham,https://wetter.com/australien/horsham/AU0VI0024.html,-36.7113,142.1998,Australia/Melbourne,,True
warragul,https://wetter.com/australien/warragul/AU2144604.html,-38.1591,145.9312,Australia/Melbourne,,True
wallan,https://wetter.com/australien/wallan/AU2144949.html,-37.4163,144.9786,Australia/Melbourne,,True
maryborough,https://wetter.com/australien/maryborough/AU0VI0026.html,-37.0456,143.7392,Australia/Melbourne,,True
kilmore,https://wetter.com/australien/kilmore/AU2161415.html,-37.2958,144.9525,Australia/Melbourne,,True
mildura,https://wetter.com/australien/mildura/AU0VI0028.html,-34.1855,142.1625,Australia/Melbourne,,True
elsternwick,https://wetter.com/australien/elsternwick/AU2167449.html,-37.8864,145.0025,Australia/Melbourne,,True
traralgon,https://wetter.com/australien/traralgon/AU0VI0048.html,-38.1953,146.5415,Australia/Melbourne,,True
geelong,https://wetter.com/australien/geelong/AU0VI0021.html,-38.1471,144.3607,Australia/Melbourne,,True
frankston-east,https://wetter.com/australien/frankston-east/AU2166143.html,-38.1333,145.1333,Australia/Melbourne,,True
portland,https://wetter.com/australien/portland/AU0VI0037.html,-38.3462,141.6026,Australia/Melbourne,,True
gisborne,https://wetter.com/australien/gisborne/AU2165488.html,-37.4886,144.5942,Australia/Melbourne,,True
echuca,https://wetter.com/australien/echuca/AU0VI0018.html,-36.1406,144.7519,Australia/Melbourne,,True
benalla,https://wetter.com/australien/benalla/AU2176225.html,-36.5511,145.9843,Australia/Melbourne,,True
colac,https://wetter.com/australien/colac/AU2171069.html,-38.339,143.5849,Australia/Melbourne,,True
bairnsdale,https://wetter.com/australien/bairnsdale/AU0VI0003.html,-37.8229,147.6104,Australia/Melbourne,,True
drouin,https://wetter.com/australien/drouin/AU2168372.html,-38.1366,145.8584,Australia/Melbourne,,True
clifton-springs,https://wetter.com/australien/clifton-springs/AU2171320.html,-38.1567,144.5551,Australia/Melbourne,,True
ballarat,https://wetter.com/australien/ballarat/AU0VI0004.html,-37.5662,143.8496,Australia/Melbourne,,True
melbourne,https://wetter.com/australien/melbourne/AU0VI0027.html,-37.814,144.9633,Australia/Melbourne,,True
castlemaine,https://wetter.com/australien/castlemaine/AU0VI0011.html,-37.0671,144.2168,Australia/Melbourne,,True
bendigo,https://wetter.com/australien/bendigo/AU0VI0006.html,-36.7582,144.2802,Australia/Melbourne,,True
healesville,https://wetter.com/australien/healesville/AU2163701.html,-37.654,145.5172,Australia/Melbourne,,True
torquay,https://wetter.com/australien/torquay/AU2146218.html,-38.3309,144.3264,Australia/Melbourne,,True
darley,https://wetter.com/australien/darley/AU2169386.html,-37.6581,144.4434,Australia/Melbourne,,True
mooroopna,https://wetter.com/australien/mooroopna/AU2156974.html,-36.4,145.35,Australia/Melbourne,,True
shepparton,https://wetter.com/australien/shepparton/AU0VI0042.html,-36.3805,145.3987,Australia/Melbourne,,True
warrnambool,https://wetter.com/australien/warrnambool/AU0VI0050.html,-38.3818,142.488,Australia/Melbourne,,True
yarrawonga,https://wetter.com/australien/yarrawonga/AU2142447.html,-36.0192,145.9997,Australia/Melbourne,,True
wodonga,https://wetter.com/australien/wodonga/AU0VI0052.html,-36.1218,146.8881,Australia/Melbourne,,True
sale,https://wetter.com/australien/sale/AU0VI0041.html,-38.111,147.068,Australia/Melbourne,,True
swan-hill,https://wetter.com/australien/swan-hill/AU0VI0047.html,-35.3378,143.5544,Australia/Melbourne,,True
ararat,https://wetter.com/australien/ararat/AU2177756.html,-37.2854,142.9273,Australia/Melbourne,,True
wangaratta,https://wetter.com/australien/wangaratta/AU0VI0049.html,-36.3585,146.3206,Australia/Melbourne,,True
gordon,https://wetter.com/australien/gordon/AU8348660.html,-35.4568,149.085,Australia/Sydney,,True
ginninderra,https://wetter.com/australien/ginninderra/AU2165520.html,-35.2,149.0833,Australia/Sydney,,True
evatt,https://wetter.com/australien/evatt/AU8349175.html,-35.2119,149.0689,Australia/Sydney,,True
hall,https://wetter.com/australien/hall/AU2164064.html,-35.1685,149.0683,Australia/Sydney,,True
majura,https://wetter.com/australien/majura/AU2159023.html,-35.2667,149.2,Australia/Sydney,,True
harman,https://wetter.com/australien/harman/AU2163910.html,-35.35,149.2,Australia/Sydney,,True
bruce,https://wetter.com/australien/bruce/AU8349301.html,-35.2441,149.0908,Australia/Sydney,,True
franklin,https://wetter.com/australien/franklin/AU8349306.html,-35.1995,149.1433,Australia/Sydney,,True
weston-creek,https://wetter.com/australien/weston-creek/AU2143964.html,-35.3333,149.05,Australia/Sydney,,True
macgregor,https://wetter.com/australien/macgregor/AU8348907.html,-35.2098,149.011,Australia/Sydney,,True
nicholls,https://wetter.com/australien/nicholls/AU8349185.html,-35.1873,149.0965,Australia/Sydney,,True
gudgenby,https://wetter.com/australien/gudgenby/AU2164379.html,-35.7445,148.9839,Australia/Sydney,,True
tharwa,https://wetter.com/australien/tharwa/AU2146970.html,-35.5167,149.0667,Australia/Sydney,,True
muswellbrook,https://wetter.com/australien/muswellbrook/AU2156034.html,-32.2612,150.8901,Australia/Sydney,,True
parramatta,https://wetter.com/australien/parramatta/AU7281840.html,-33.8178,151.0035,Australia/Sydney,,True
tamworth,https://wetter.com/australien/tamworth/AU0NS0063.html,-31.0905,150.9291,Australia/Sydney,,True
wollongong,https://wetter.com/australien/wollongong/AU0NS0073.html,-34.424,150.8935,Australia/Sydney,,True
monash,https://wetter.com/australien/monash/AU8349310.html,-35.4158,149.0906,Australia/Sydney,,True
harrison,https://wetter.com/australien/harrison/AU8349179.html,-35.1991,149.1563,Australia/Sydney,,True
calwell,https://wetter.com/australien/calwell/AU8347865.html,-35.4404,149.1071,Australia/Sydney,,True
curtin,https://wetter.com/australien/curtin/AU8349171.html,-35.3246,149.0776,Australia/Sydney,,True
campbell,https://wetter.com/australien/campbell/AU2172618.html,-35.2891,149.1538,Australia/Sydney,,True
port-macquarie,https://wetter.com/australien/port-macquarie/AU0NS0054.html,-31.4308,152.9089,Australia/Sydney,,True
young,https://wetter.com/australien/young/AU0NS0077.html,-34.3135,148.3011,Australia/Sydney,,True
moree,https://wetter.com/australien/moree/AU2156927.html,-29.4628,149.8416,Australia/Sydney,,True
taree,https://wetter.com/australien/taree/AU2147381.html,-31.911,152.4539,Australia/Sydney,,True
wanniassa,https://wetter.com/australien/wanniassa/AU8349191.html,-35.3978,149.0909,Australia/Sydney,,True
belconnen,https://wetter.com/australien/belconnen/AU2176373.html,-35.238,149.0663,Australia/Sydney,,True
amaroo,https://wetter.com/australien/amaroo/AU8349331.html,-35.1696,149.128,Australia/Sydney,,True
ainslie,https://wetter.com/australien/ainslie/AU8348552.html,-35.2626,149.1437,Australia/Sydney,,True
canberra-city,https://wetter.com/australien/canberra-city/AU8347868.html,-35.2813,149.1293,Australia/Sydney,,True
canberra,https://wetter.com/australien/canberra/AU0CT0001.html,-35.2835,149.1281,Australia/Sydney,,True
braddon,https://wetter.com/australien/braddon/AU8349165.html,-35.2708,149.1357,Australia/Sydney,,True
casey,https://wetter.com/australien/casey/AU8349161.html,-35.167,149.0947,Australia/Sydney,,True
turramurra,https://wetter.com/australien/turramurra/AU2145796.html,-33.7334,151.1285,Australia/Sydney,,True
chisholm,https://wetter.com/australien/chisholm/AU8349303.html,-35.4125,149.1283,Australia/Sydney,,True
mudgee,https://wetter.com/australien/mudgee/AU0NS0042.html,-32.5943,149.5871,Australia/Sydney,,True
narrabundah,https://wetter.com/australien/narrabundah/AU8349435.html,-35.3357,149.1492,Australia/Sydney,,True
dunlop,https://wetter.com/australien/dunlop/AU8349173.html,-35.194,149.0198,Australia/Sydney,,True
gibraltar,https://wetter.com/australien/gibraltar/AU2165662.html,-35.45,148.9833,Australia/Sydney,,True
bonner,https://wetter.com/australien/bonner/AU9973375.html,-35.1623,149.1386,Australia/Sydney,,True
ngunnawal,https://wetter.com/australien/ngunnawal/AU8349187.html,-35.1728,149.1115,Australia/Sydney,,True
hornsby,https://wetter.com/australien/hornsby/AU2163137.html,-33.7024,151.0993,Australia/Sydney,,True
katoomba,https://wetter.com/australien/katoomba/AU0NS0032.html,-33.7198,150.3074,Australia/Sydney,,True
casino,https://wetter.com/australien/casino/AU2172153.html,-28.8582,153.0475,Australia/Sydney,,True
coffs-harbour,https://wetter.com/australien/coffs-harbour/AU0NS0020.html,-30.2963,153.1135,Australia/Sydney,,True
cowra,https://wetter.com/australien/cowra/AU2170139.html,-33.8355,148.6966,Australia/Sydney,,True
sydney,https://wetter.com/australien/sydney/AU0NS0062.html,-33.8679,151.2073,Australia/Sydney,,True
campbelltown,https://wetter.com/australien/campbelltown/AU0NS0017.html,-34.0667,150.8167,Australia/Sydney,,True
hay,https://wetter.com/australien/hay/AU2163774.html,-34.509,144.8431,Australia/Sydney,,True
bowral,https://wetter.com/australien/bowral/AU0NS0012.html,-34.4775,150.4204,Australia/Sydney,,True
armidale,https://wetter.com/australien/armidale/AU0NS0002.html,-30.5012,151.6655,Australia/Sydney,,True
o-connor,https://wetter.com/australien/o-connor/AU8348190.html,-35.2565,149.1125,Australia/Sydney,,True
jervis-bay-territory,https://wetter.com/australien/jervis-bay-territory/AU2162322.html,-35.1281,150.7042,Australia/Sydney,,True
bathurst,https://wetter.com/australien/bathurst/AU0NS0006.html,-33.4167,149.5806,Australia/Sydney,,True
kambah,https://wetter.com/australien/kambah/AU8348370.html,-35.3862,149.058,Australia/Sydney,,True
gungahlin,https://wetter.com/australien/gungahlin/AU8349178.html,-35.1867,149.1362,Australia/Sydney,,True
palmerston,https://wetter.com/australien/palmerston/AU8349170.html,-35.1945,149.1194,Australia/Sydney,,True
watson,https://wetter.com/australien/watson/AU8348373.html,-35.2382,149.1527,Australia/Sydney,,True
lyneham,https://wetter.com/australien/lyneham/AU8347876.html,-35.2398,149.1307,Australia/Sydney,,True
kaleen,https://wetter.com/australien/kaleen/AU6619483.html,-35.2181,149.1052,Australia/Sydney,,True
forster,https://wetter.com/australien/forster/AU2166309.html,-32.1814,152.5172,Australia/Sydney,,True
carrolls-creek,https://wetter.com/australien/carrolls-creek/AU9409900.html,-28.8227,152.1031,Australia/Sydney,,True
orange-state-of-new-south-wales,https://wetter.com/australien/orange-state-of-new-south-wales/AU0NS0050.html,-33.284,149.1002,Australia/Sydney,,True
inverell,https://wetter.com/australien/inverell/AU0NS0031.html,-29.774,151.1117,Australia/Sydney,,True
griffith,https://wetter.com/australien/griffith/AU0NS0029.html,-34.2885,146.0509,Australia/Sydney,,True
new-lambton,https://wetter.com/australien/new-lambton/AU2205629.html,-32.9284,151.7085,Australia/Sydney,,True
goonellabah,https://wetter.com/australien/goonellabah/AU2164966.html,-28.8167,153.3167,Australia/Sydney,,True
mona-vale,https://wetter.com/australien/mona-vale/AU0NS0041.html,-33.6776,151.3031,Australia/Sydney,,True
liverpool,https://wetter.com/australien/liverpool/AU0NS0039.html,-33.9194,150.9259,Australia/Sydney,,True
goulburn,https://wetter.com/australien/goulburn/AU0NS0027.html,-34.7516,149.7209,Australia/Sydney,,True
grafton,https://wetter.com/australien/grafton/AU0NS0028.html,-29.681,152.9339,Australia/Sydney,,True
kempsey,https://wetter.com/australien/kempsey/AU0NS0033.html,-31.079,152.8309,Australia/Sydney,,True
newcastle,https://wetter.com/australien/newcastle/AU0NS0047.html,-32.9295,151.7801,Australia/Sydney,,True
dubbo,https://wetter.com/australien/dubbo/AU0NS0023.html,-32.243,148.6048,Australia/Sydney,,True
parkes,https://wetter.com/australien/parkes/AU2153778.html,-33.1372,148.1759,Australia/Sydney,,True
cessnock,https://wetter.com/australien/cessnock/AU0NS0018.html,-32.8321,151.3562,Australia/Sydney,,True
pymble,https://wetter.com/australien/pymble/AU2152361.html,-33.7439,151.1419,Australia/Sydney,,True
maitland,https://wetter.com/australien/maitland/AU0NS0040.html,-32.7331,151.5574,Australia/Sydney,,True
ratsua,https://wetter.com/papua-neuguinea/ratsua/PG2113809.html,-5.5408,154.7759,Pacific/Bougainville,,True
teperoi,https://wetter.com/papua-neuguinea/teperoi/PG2085551.html,-5.8895,155.2613,Pacific/Bougainville,,True
laguai,https://wetter.com/papua-neuguinea/laguai/PG2092715.html,-6.8014,155.6503,Pacific/Bougainville,,True
maika,https://wetter.com/papua-neuguinea/maika/PG2091892.html,-6.7485,155.771,Pacific/Bougainville,,True
konana,https://wetter.com/papua-neuguinea/konana/PG2113848.html,-6.5667,155.25,Pacific/Bougainville,,True
kieta,https://wetter.com/papua-neuguinea/kieta/PG2094027.html,-6.2146,155.6325,Pacific/Bougainville,,True
haisi,https://wetter.com/papua-neuguinea/haisi/PG2096429.html,-6.6555,155.3405,Pacific/Bougainville,,True
buka,https://wetter.com/papua-neuguinea/buka/PG8714539.html,-5.4326,154.671,Pacific/Bougainville,,True
aku,https://wetter.com/papua-neuguinea/aku/PG2101089.html,-6.7631,155.5713,Pacific/Bougainville,,True
hapan,https://wetter.com/papua-neuguinea/hapan/PG2096343.html,-5.2322,154.5907,Pacific/Bougainville,,True
torokina,https://wetter.com/papua-neuguinea/torokina/PG2085189.html,-6.2333,155.05,Pacific/Bougainville,,True
ketskets,https://wetter.com/papua-neuguinea/ketskets/PG2094093.html,-5.1059,154.6667,Pacific/Bougainville,,True
mainuki,https://wetter.com/papua-neuguinea/mainuki/PG2091867.html,-6.2333,155.35,Pacific/Bougainville,,True
buin,https://wetter.com/papua-neuguinea/buin/PG2098923.html,-6.7486,155.6915,Pacific/Bougainville,,True
arawa,https://wetter.com/papua-neuguinea/arawa/PG2100633.html,-6.2298,155.566,Pacific/Bougainville,,True
kaukauai,https://wetter.com/papua-neuguinea/kaukauai/PG2094415.html,-6.8667,155.6,Pacific/Bougainville,,True
ububakogu,https://wetter.com/papua-neuguinea/ububakogu/PG2084880.html,-6.6204,155.7521,Pacific/Bougainville,,True
kapikavi,https://wetter.com/papua-neuguinea/kapikavi/PG2094677.html,-6.4608,155.6538,Pacific/Bougainville,,True
suhin,https://wetter.com/papua-neuguinea/suhin/PG2086219.html,-5.2267,154.7056,Pacific/Bougainville,,True
rorovana,https://wetter.com/papua-neuguinea/rorovana/PG2087555.html,-6.1914,155.5365,Pacific/Bougainville,,True
tendu,https://wetter.com/papua-neuguinea/tendu/PG2085566.html,-5.5315,154.9027,Pacific/Bougainville,,True
yotchibol,https://wetter.com/papua-neuguinea/yotchibol/PG2082838.html,-4.5163,154.1739,Pacific/Bougainville,,True
siorovi,https://wetter.com/papua-neuguinea/siorovi/PG2086600.html,-6.4596,155.8146,Pacific/Bougainville,,True
poriwon,https://wetter.com/papua-neuguinea/poriwon/PG2088139.html,-4.4668,154.2021,Pacific/Bougainville,,True
panguna,https://wetter.com/papua-neuguinea/panguna/PG2088659.html,-6.3164,155.4848,Pacific/Bougainville,,True
pora-pora,https://wetter.com/papua-neuguinea/pora-pora/PG2088148.html,-5.5493,154.7673,Pacific/Bougainville,,True
tabago,https://wetter.com/papua-neuguinea/tabago/PG2086076.html,-6.6804,155.7182,Pacific/Bougainville,,True
tohatsi,https://wetter.com/papua-neuguinea/tohatsi/PG2085321.html,-5.0708,154.6625,Pacific/Bougainville,,True
kulis,https://wetter.com/papua-neuguinea/kulis/PG2093187.html,-4.5667,154.2,Pacific/Bougainville,,True
hanemo,https://wetter.com/papua-neuguinea/hanemo/PG2113839.html,-6.2,155.2833,Pacific/Bougainville,,True
siaken,https://wetter.com/papua-neuguinea/siaken/PG2086831.html,-4.4713,154.2243,Pacific/Bougainville,,True
teobuhin,https://wetter.com/papua-neuguinea/teobuhin/PG2085556.html,-5.6333,155.0167,Pacific/Bougainville,,True
salapem,https://wetter.com/papua-neuguinea/salapem/PG2087360.html,-4.4654,154.217,Pacific/Bougainville,,True
tokonoitu,https://wetter.com/papua-neuguinea/tokonoitu/PG2085300.html,-6.6472,155.3386,Pacific/Bougainville,,True
mamagota,https://wetter.com/papua-neuguinea/mamagota/PG2091671.html,-6.7579,155.3955,Pacific/Bougainville,,True
onovi,https://wetter.com/papua-neuguinea/onovi/PG2089024.html,-6.3539,155.4282,Pacific/Bougainville,,True
mom,https://wetter.com/papua-neuguinea/mom/PG2090578.html,-6.2667,155.2333,Pacific/Bougainville,,True
maituri,https://wetter.com/papua-neuguinea/maituri/PG2113841.html,-6.4028,155.3083,Pacific/Bougainville,,True
umum,https://wetter.com/papua-neuguinea/umum/PG2084704.html,-5.5333,154.85,Pacific/Bougainville,,True
tutupaia,https://wetter.com/papua-neuguinea/tutupaia/PG2084924.html,-5.8879,155.0811,Pacific/Bougainville,,True
viei,https://wetter.com/vanuatu/viei/VU2134372.html,-13.6833,167.6333,Pacific/Efate,,True
katbol,https://wetter.com/vanuatu/katbol/VU2136786.html,-16.1833,167.4667,Pacific/Efate,,True
beweto,https://wetter.com/vanuatu/beweto/VU2137315.html,-14.2333,167.6,Pacific/Efate,,True
dorig,https://wetter.com/vanuatu/dorig/VU2137173.html,-14.3667,167.5333,Pacific/Efate,,True
wosaga,https://wetter.com/vanuatu/wosaga/VU2206797.html,-13.9598,167.4503,Pacific/Efate,,True
kourouretapo,https://wetter.com/vanuatu/kourouretapo/VU2136740.html,-13.4333,166.7,Pacific/Efate,,True
melbulbul,https://wetter.com/vanuatu/melbulbul/VU2135949.html,-16.1167,168.15,Pacific/Efate,,True
bogor,https://wetter.com/vanuatu/bogor/VU2137292.html,-16.1167,168.15,Pacific/Efate,,True
lonbarnie,https://wetter.com/vanuatu/lonbarnie/VU2136301.html,-16.1167,168.15,Pacific/Efate,,True
assen,https://wetter.com/vanuatu/assen/VU2137475.html,-16.3167,167.7,Pacific/Efate,,True
wasaka,https://wetter.com/vanuatu/wasaka/VU2134226.html,-13.9667,167.45,Pacific/Efate,,True
pivosava,https://wetter.com/vanuatu/pivosava/VU2135210.html,-13.1833,166.5667,Pacific/Efate,,True
baalap,https://wetter.com/vanuatu/baalap/VU2137443.html,-16.2833,167.95,Pacific/Efate,,True
lakatoro,https://wetter.com/vanuatu/lakatoro/VU2136697.html,-16.0999,167.4164,Pacific/Efate,,True
nountor,https://wetter.com/vanuatu/nountor/VU2135502.html,-16.15,168.1167,Pacific/Efate,,True
lononwei,https://wetter.com/vanuatu/lononwei/VU2136280.html,-16.3333,168.0333,Pacific/Efate,,True
konkon,https://wetter.com/vanuatu/konkon/VU2136752.html,-16.15,168.1833,Pacific/Efate,,True
likon,https://wetter.com/vanuatu/likon/VU2136422.html,-16.1167,168.1333,Pacific/Efate,,True
drivai,https://wetter.com/vanuatu/drivai/VU2137152.html,-16.45,167.8167,Pacific/Efate,,True
chinohouse,https://wetter.com/vanuatu/chinohouse/VU2137202.html,-16.05,167.3833,Pacific/Efate,,True
amok,https://wetter.com/vanuatu/amok/VU2137573.html,-16.0667,167.2167,Pacific/Efate,,True
lesarmalras,https://wetter.com/vanuatu/lesarmalras/VU2136469.html,-15.9,167.2,Pacific/Efate,,True
rerep,https://wetter.com/vanuatu/rerep/VU2135025.html,-16.2833,167.6667,Pacific/Efate,,True
lonsal,https://wetter.com/vanuatu/lonsal/VU2136274.html,-16.1667,168.1167,Pacific/Efate,,True
outer,https://wetter.com/vanuatu/outer/VU2135398.html,-16.0,167.35,Pacific/Efate,,True
neubul,https://wetter.com/vanuatu/neubul/VU2135603.html,-16.1167,168.1333,Pacific/Efate,,True
malver,https://wetter.com/vanuatu/malver/VU2136068.html,-16.2833,167.9333,Pacific/Efate,,True
mae,https://wetter.com/vanuatu/mae/VU2136141.html,-16.0596,167.3719,Pacific/Efate,,True
inter,https://wetter.com/vanuatu/inter/VU2136843.html,-16.05,167.2167,Pacific/Efate,,True
anemtanhi,https://wetter.com/vanuatu/anemtanhi/VU2137547.html,-20.1483,169.8539,Pacific/Efate,,True
mesabolo,https://wetter.com/vanuatu/mesabolo/VU2135903.html,-14.2167,167.4333,Pacific/Efate,,True
avira,https://wetter.com/vanuatu/avira/VU2137451.html,-14.2,167.5667,Pacific/Efate,,True
ontar,https://wetter.com/vanuatu/ontar/VU2135468.html,-14.3,167.4167,Pacific/Efate,,True
limdi,https://wetter.com/vanuatu/limdi/VU2136415.html,-13.6855,167.6414,Pacific/Efate,,True
yenkwipir,https://wetter.com/vanuatu/yenkwipir/VU2134061.html,-19.5712,169.3576,Pacific/Efate,,True
avtitnan,https://wetter.com/vanuatu/avtitnan/VU2206791.html,-14.3667,167.5333,Pacific/Efate,,True
yakukak,https://wetter.com/vanuatu/yakukak/VU2134065.html,-19.5427,169.3212,Pacific/Efate,,True
yenapuas,https://wetter.com/vanuatu/yenapuas/VU2136495.html,-19.5125,169.3318,Pacific/Efate,,True
koimarama,https://wetter.com/vanuatu/koimarama/VU2136759.html,-13.9,167.4667,Pacific/Efate,,True
hiyle,https://wetter.com/vanuatu/hiyle/VU2136887.html,-13.7,167.65,Pacific/Efate,,True
yatukwei,https://wetter.com/vanuatu/yatukwei/VU2134038.html,-19.5755,169.4562,Pacific/Efate,,True
mbarevit,https://wetter.com/vanuatu/mbarevit/VU2206793.html,-14.2667,167.6,Pacific/Efate,,True
napor,https://wetter.com/vanuatu/napor/VU2135721.html,-13.8333,167.6833,Pacific/Efate,,True
sydney,https://wetter.com/vanuatu/sydney/VU2134763.html,-19.5333,169.2667,Pacific/Efate,,True
imnalkaip,https://wetter.com/vanuatu/imnalkaip/VU2134019.html,-19.4006,169.3114,Pacific/Efate,,True
ngurua,https://wetter.com/vanuatu/ngurua/VU2135582.html,-17.5,168.4833,Pacific/Efate,,True
filakara,https://wetter.com/vanuatu/filakara/VU2137011.html,-16.8167,168.4,Pacific/Efate,,True
tongamea,https://wetter.com/vanuatu/tongamea/VU2134532.html,-17.0667,168.4167,Pacific/Efate,,True
mele-maat,https://wetter.com/vanuatu/mele-maat/VU2136145.html,-17.678,168.2609,Pacific/Efate,,True
euta,https://wetter.com/vanuatu/euta/VU2137057.html,-16.9,168.5667,Pacific/Efate,,True
sola,https://wetter.com/vanuatu/sola/VU2134814.html,-13.8761,167.5517,Pacific/Efate,,True
epao,https://wetter.com/vanuatu/epao/VU2206473.html,-17.625,168.4944,Pacific/Efate,,True
yenaohia,https://wetter.com/vanuatu/yenaohia/VU2134056.html,-19.5314,169.3084,Pacific/Efate,,True
sake,https://wetter.com/vanuatu/sake/VU2134934.html,-17.5,168.4,Pacific/Efate,,True
vousin,https://wetter.com/vanuatu/vousin/VU2134330.html,-15.4667,166.8833,Pacific/Efate,,True
wanawere,https://wetter.com/vanuatu/wanawere/VU2134246.html,-14.8333,166.75,Pacific/Efate,,True
wusi,https://wetter.com/vanuatu/wusi/VU2134066.html,-15.3667,166.65,Pacific/Efate,,True
wunpuko,https://wetter.com/vanuatu/wunpuko/VU2134068.html,-14.7,166.5667,Pacific/Efate,,True
lamarou,https://wetter.com/vanuatu/lamarou/VU2136663.html,-16.5833,168.1667,Pacific/Efate,,True
wounaperas,https://wetter.com/vanuatu/wounaperas/VU2134102.html,-14.95,166.75,Pacific/Efate,,True
montmartre,https://wetter.com/vanuatu/montmartre/VU2135853.html,-17.7379,168.3583,Pacific/Efate,,True
leiwoma,https://wetter.com/vanuatu/leiwoma/VU2136533.html,-17.0167,168.6167,Pacific/Efate,,True
port-vila,https://wetter.com/vanuatu/port-vila/VU2135171.html,-17.7365,168.3137,Pacific/Efate,,True
ringdove,https://wetter.com/vanuatu/ringdove/VU2134994.html,-16.6333,168.15,Pacific/Efate,,True
nanguile,https://wetter.com/vanuatu/nanguile/VU2135751.html,-17.7692,168.3209,Pacific/Efate,,True
aiwos,https://wetter.com/vanuatu/aiwos/VU2137604.html,-16.9,168.5333,Pacific/Efate,,True
unakapu,https://wetter.com/vanuatu/unakapu/VU2135427.html,-17.4753,168.3854,Pacific/Efate,,True
port-havannah,https://wetter.com/vanuatu/port-havannah/VU2135177.html,-17.5675,168.2747,Pacific/Efate,,True
pango,https://wetter.com/vanuatu/pango/VU2135349.html,-17.7833,168.2833,Pacific/Efate,,True
noul,https://wetter.com/vanuatu/noul/VU2135506.html,-16.7667,168.35,Pacific/Efate,,True
nambia-tri,https://wetter.com/vanuatu/nambia-tri/VU2206438.html,-17.7519,168.3006,Pacific/Efate,,True
malakof,https://wetter.com/vanuatu/malakof/VU6621047.html,-17.1304,168.4305,Pacific/Efate,,True
bosao,https://wetter.com/vanuatu/bosao/VU2137276.html,-16.7833,168.1833,Pacific/Efate,,True
tokofe,https://wetter.com/vanuatu/tokofe/VU2206443.html,-17.7506,168.2844,Pacific/Efate,,True
tavoni,https://wetter.com/vanuatu/tavoni/VU2134632.html,-15.4833,166.95,Pacific/Efate,,True
marae,https://wetter.com/vanuatu/marae/VU2136038.html,-17.05,168.3667,Pacific/Efate,,True
nasanga,https://wetter.com/vanuatu/nasanga/VU2135693.html,-17.2578,168.4305,Pacific/Efate,,True
looulooupou,https://wetter.com/vanuatu/looulooupou/VU2136255.html,-19.5,169.4333,Pacific/Efate,,True
lenepin,https://wetter.com/vanuatu/lenepin/VU2136492.html,-19.4458,169.2936,Pacific/Efate,,True
bethel,https://wetter.com/vanuatu/bethel/VU2137321.html,-19.5495,169.2799,Pacific/Efate,,True
loonelangat,https://wetter.com/vanuatu/loonelangat/VU2136261.html,-19.35,169.3333,Pacific/Efate,,True
lownihm,https://wetter.com/vanuatu/lownihm/VU2136245.html,-19.4573,169.3358,Pacific/Efate,,True
ilpweutou,https://wetter.com/vanuatu/ilpweutou/VU2136868.html,-19.45,169.3167,Pacific/Efate,,True
louniel,https://wetter.com/vanuatu/louniel/VU2136246.html,-19.4803,169.4123,Pacific/Efate,,True
kwakea,https://wetter.com/vanuatu/kwakea/VU2206796.html,-13.9055,167.4802,Pacific/Efate,,True
lonasilian,https://wetter.com/vanuatu/lonasilian/VU2136302.html,-19.4667,169.2833,Pacific/Efate,,True
launaleng,https://wetter.com/vanuatu/launaleng/VU2136619.html,-19.38,169.3098,Pacific/Efate,,True
rampounmampouo,https://wetter.com/vanuatu/rampounmampouo/VU2135093.html,-18.9394,169.1659,Pacific/Efate,,True
anitchawo,https://wetter.com/vanuatu/anitchawo/VU2137537.html,-20.1333,169.8167,Pacific/Efate,,True
anelbunbeko,https://wetter.com/vanuatu/anelbunbeko/VU2137550.html,-20.1768,169.8846,Pacific/Efate,,True
kaonomeiken,https://wetter.com/vanuatu/kaonomeiken/VU2136793.html,-19.474,169.2938,Pacific/Efate,,True
ipikel,https://wetter.com/vanuatu/ipikel/VU2136833.html,-19.5134,169.4589,Pacific/Efate,,True
anegen,https://wetter.com/vanuatu/anegen/VU2137552.html,-20.15,169.8333,Pacific/Efate,,True
isangel,https://wetter.com/vanuatu/isangel/VU2136825.html,-19.5417,169.2817,Pacific/Efate,,True
port-narvin,https://wetter.com/vanuatu/port-narvin/VU2135163.html,-18.7477,169.2067,Pacific/Efate,,True
espen,https://wetter.com/vanuatu/espen/VU2137068.html,-20.15,169.8333,Pacific/Efate,,True
ikeupow,https://wetter.com/vanuatu/ikeupow/VU2136880.html,-19.4779,169.3339,Pacific/Efate,,True
orati,https://wetter.com/vanuatu/orati/VU2208170.html,-17.7333,168.5833,Pacific/Efate,,True
laketam,https://wetter.com/vanuatu/laketam/VU2136692.html,-19.3667,169.3061,Pacific/Efate,,True
iasoa,https://wetter.com/vanuatu/iasoa/VU2136893.html,-19.53,170.2024,Pacific/Efate,,True
sang-hava,https://wetter.com/vanuatu/sang-hava/VU2134905.html,-17.0833,168.3833,Pacific/Efate,,True
stade,https://wetter.com/vanuatu/stade/VU2206447.html,-17.7417,168.3017,Pacific/Efate,,True
melcofe,https://wetter.com/vanuatu/melcofe/VU2206455.html,-17.7333,168.3006,Pacific/Efate,,True
malaora,https://wetter.com/vanuatu/malaora/VU2136115.html,-17.7,168.2667,Pacific/Efate,,True
wararana,https://wetter.com/vanuatu/wararana/VU2134234.html,-16.8,168.3667,Pacific/Efate,,True
siviri,https://wetter.com/vanuatu/siviri/VU2134825.html,-17.5235,168.3227,Pacific/Efate,,True
mangarisiou,https://wetter.com/vanuatu/mangarisiou/VU2136056.html,-16.9167,168.5667,Pacific/Efate,,True
welawea,https://wetter.com/vanuatu/welawea/VU2134203.html,-16.6167,168.15,Pacific/Efate,,True
wiana,https://wetter.com/vanuatu/wiana/VU2134184.html,-17.4954,168.4829,Pacific/Efate,,True
anemek,https://wetter.com/vanuatu/anemek/VU2137546.html,-20.2333,169.8,Pacific/Efate,,True
letowaleue,https://wetter.com/vanuatu/letowaleue/VU2136452.html,-19.5333,169.2833,Pacific/Efate,,True
ikaseukwi,https://wetter.com/vanuatu/ikaseukwi/VU2136881.html,-19.5333,169.2833,Pacific/Efate,,True
ipenyen,https://wetter.com/vanuatu/ipenyen/VU2136834.html,-19.5167,169.3833,Pacific/Efate,,True
isino,https://wetter.com/vanuatu/isino/VU2136816.html,-20.1875,169.7501,Pacific/Efate,,True
imale,https://wetter.com/vanuatu/imale/VU2136866.html,-19.254,169.5958,Pacific/Efate,,True
anware,https://wetter.com/vanuatu/anware/VU2137520.html,-20.232,169.779,Pacific/Efate,,True
ehili,https://wetter.com/vanuatu/ehili/VU2137139.html,-20.2443,169.8419,Pacific/Efate,,True
ilislis,https://wetter.com/vanuatu/ilislis/VU2136871.html,-19.4865,169.4036,Pacific/Efate,,True
woralapa,https://wetter.com/vanuatu/woralapa/VU2134131.html,-17.4833,168.3667,Pacific/Efate,,True
lenakel,https://wetter.com/vanuatu/lenakel/VU2136499.html,-19.5309,169.2676,Pacific/Efate,,True
lownel-apen,https://wetter.com/vanuatu/lownel-apen/VU2136260.html,-19.5095,169.2938,Pacific/Efate,,True
port-lautour,https://wetter.com/vanuatu/port-lautour/VU2135176.html,-15.6167,167.1667,Pacific/Efate,,True
tasmaloum,https://wetter.com/vanuatu/tasmaloum/VU2134653.html,-15.6167,166.9,Pacific/Efate,,True
linen,https://wetter.com/vanuatu/linen/VU2136407.html,-15.7,168.1167,Pacific/Efate,,True
panoka,https://wetter.com/vanuatu/panoka/VU2135337.html,-16.0,168.2167,Pacific/Efate,,True
matandan,https://wetter.com/vanuatu/matandan/VU2136003.html,-15.3833,167.7167,Pacific/Efate,,True
narea,https://wetter.com/vanuatu/narea/VU2135709.html,-15.05,168.0667,Pacific/Efate,,True
erano,https://wetter.com/vanuatu/erano/VU2137083.html,-15.4333,167.6667,Pacific/Efate,,True
nokokoul,https://wetter.com/vanuatu/nokokoul/VU2135543.html,-15.7,168.1333,Pacific/Efate,,True
lararomboha,https://wetter.com/vanuatu/lararomboha/VU2136608.html,-15.5333,168.1333,Pacific/Efate,,True
aronbalato,https://wetter.com/vanuatu/aronbalato/VU2137488.html,-15.4833,168.15,Pacific/Efate,,True
engem,https://wetter.com/vanuatu/engem/VU2137102.html,-15.6667,168.1167,Pacific/Efate,,True
bounlap,https://wetter.com/vanuatu/bounlap/VU2137245.html,-15.9572,168.2689,Pacific/Efate,,True
nazareth-rantis,https://wetter.com/vanuatu/nazareth-rantis/VU2135651.html,-15.8667,168.2667,Pacific/Efate,,True
ambao,https://wetter.com/vanuatu/ambao/VU2137580.html,-15.2833,167.9333,Pacific/Efate,,True
matbopo,https://wetter.com/vanuatu/matbopo/VU2135982.html,-15.5333,168.1667,Pacific/Efate,,True
fingalato,https://wetter.com/vanuatu/fingalato/VU2137010.html,-15.35,167.8,Pacific/Efate,,True
kerembei,https://wetter.com/vanuatu/kerembei/VU2136777.html,-15.1167,168.0667,Pacific/Efate,,True
melsisi,https://wetter.com/vanuatu/melsisi/VU2135932.html,-15.7367,168.1341,Pacific/Efate,,True
nagataro,https://wetter.com/vanuatu/nagataro/VU2135819.html,-15.4,167.7333,Pacific/Efate,,True
enkoul,https://wetter.com/vanuatu/enkoul/VU2137098.html,-15.7,168.1667,Pacific/Efate,,True
natalou,https://wetter.com/vanuatu/natalou/VU2135685.html,-15.4,167.7333,Pacific/Efate,,True
wortatcha,https://wetter.com/vanuatu/wortatcha/VU2134118.html,-15.9833,167.3667,Pacific/Efate,,True
lowountawor,https://wetter.com/vanuatu/lowountawor/VU2136151.html,-15.3333,167.95,Pacific/Efate,,True
laratava,https://wetter.com/vanuatu/laratava/VU2136606.html,-15.45,168.15,Pacific/Efate,,True
aviliana,https://wetter.com/vanuatu/aviliana/VU2137452.html,-15.4833,168.1333,Pacific/Efate,,True
lanour,https://wetter.com/vanuatu/lanour/VU2136629.html,-16.5333,167.5667,Pacific/Efate,,True
invanou,https://wetter.com/vanuatu/invanou/VU2136842.html,-15.9,167.1833,Pacific/Efate,,True
port-vato,https://wetter.com/vanuatu/port-vato/VU2135172.html,-16.3333,168.0333,Pacific/Efate,,True
norsup,https://wetter.com/vanuatu/norsup/VU2135517.html,-16.0654,167.3971,Pacific/Efate,,True
lampetiar,https://wetter.com/vanuatu/lampetiar/VU2136641.html,-15.8833,167.2333,Pacific/Efate,,True
naous,https://wetter.com/vanuatu/naous/VU2135728.html,-15.95,167.3333,Pacific/Efate,,True
lamengo,https://wetter.com/vanuatu/lamengo/VU2136649.html,-16.4989,167.432,Pacific/Efate,,True
roghuros,https://wetter.com/vanuatu/roghuros/VU2134983.html,-16.2333,167.6,Pacific/Efate,,True
matanvat,https://wetter.com/vanuatu/matanvat/VU2135992.html,-15.9333,167.1667,Pacific/Efate,,True
port-stanley,https://wetter.com/vanuatu/port-stanley/VU2135173.html,-16.15,167.45,Pacific/Efate,,True
tahi,https://wetter.com/vanuatu/tahi/VU2134735.html,-16.4675,168.22,Pacific/Efate,,True
rovo,https://wetter.com/vanuatu/rovo/VU2134960.html,-16.3,168.3,Pacific/Efate,,True
wailep,https://wetter.com/vanuatu/wailep/VU2134272.html,-16.5,168.2167,Pacific/Efate,,True
sae,https://wetter.com/vanuatu/sae/VU2134943.html,-16.3667,168.25,Pacific/Efate,,True
wilir,https://wetter.com/vanuatu/wilir/VU2134176.html,-16.1,167.1667,Pacific/Efate,,True
wihel,https://wetter.com/vanuatu/wihel/VU2134180.html,-16.15,167.2,Pacific/Efate,,True
abwatunbuliva,https://wetter.com/vanuatu/abwatunbuliva/VU2137623.html,-15.4726,168.1536,Pacific/Efate,,True
nabagaaki,https://wetter.com/vanuatu/nabagaaki/VU2135831.html,-15.3667,167.75,Pacific/Efate,,True
wowo,https://wetter.com/vanuatu/wowo/VU2134073.html,-15.8833,167.2,Pacific/Efate,,True
arasa,https://wetter.com/vanuatu/arasa/VU2137500.html,-15.5167,168.1333,Pacific/Efate,,True
vias,https://wetter.com/vanuatu/vias/VU2134376.html,-15.5833,166.8667,Pacific/Efate,,True
rowok,https://wetter.com/vanuatu/rowok/VU2134951.html,-15.7167,168.1167,Pacific/Efate,,True
lowitawor,https://wetter.com/vanuatu/lowitawor/VU2136157.html,-15.4167,167.9,Pacific/Efate,,True
nakere,https://wetter.com/vanuatu/nakere/VU2135804.html,-15.5833,166.9833,Pacific/Efate,,True
malao,https://wetter.com/vanuatu/malao/VU2136116.html,-15.1667,166.85,Pacific/Efate,,True
mon-exil,https://wetter.com/vanuatu/mon-exil/VU2135854.html,-15.4167,167.15,Pacific/Efate,,True
luganville,https://wetter.com/vanuatu/luganville/VU2136150.html,-15.5199,167.1624,Pacific/Efate,,True
rip,https://wetter.com/vanuatu/rip/VU2134992.html,-14.9667,167.1,Pacific/Efate,,True
elia,https://wetter.com/vanuatu/elia/VU2137129.html,-15.2668,166.6741,Pacific/Efate,,True
samarandas,https://wetter.com/vanuatu/samarandas/VU2134922.html,-15.7167,167.2333,Pacific/Efate,,True
nokuku,https://wetter.com/vanuatu/nokuku/VU2206734.html,-14.9333,166.5667,Pacific/Efate,,True
saou,https://wetter.com/vanuatu/saou/VU2134893.html,-15.4167,166.8,Pacific/Efate,,True
navaras,https://wetter.com/vanuatu/navaras/VU2135670.html,-15.35,166.9167,Pacific/Efate,,True
pouilipoe,https://wetter.com/vanuatu/pouilipoe/VU2135155.html,-14.8,166.55,Pacific/Efate,,True
meteo,https://wetter.com/vanuatu/meteo/VU2135885.html,-15.5333,167.1333,Pacific/Efate,,True
lorieno,https://wetter.com/vanuatu/lorieno/VU2136235.html,-15.1833,167.1167,Pacific/Efate,,True
pecherie,https://wetter.com/vanuatu/pecherie/VU2135296.html,-15.4833,167.25,Pacific/Efate,,True
matala,https://wetter.com/vanuatu/matala/VU2136006.html,-14.85,166.75,Pacific/Efate,,True
port-olry,https://wetter.com/vanuatu/port-olry/VU2135175.html,-15.0418,167.0727,Pacific/Efate,,True
olpoi,https://wetter.com/vanuatu/olpoi/VU2135478.html,-14.8715,166.5551,Pacific/Efate,,True
tanoi,https://wetter.com/vanuatu/tanoi/VU2134685.html,-15.45,166.8,Pacific/Efate,,True
palikulo,https://wetter.com/vanuatu/palikulo/VU2135368.html,-15.5167,167.2333,Pacific/Efate,,True
lolominiou,https://wetter.com/vanuatu/lolominiou/VU2136343.html,-14.9167,166.5667,Pacific/Efate,,True
lesasa,https://wetter.com/vanuatu/lesasa/VU2136468.html,-15.6833,168.1667,Pacific/Efate,,True
orota,https://wetter.com/vanuatu/orota/VU2135456.html,-15.15,166.8167,Pacific/Efate,,True
losoue,https://wetter.com/vanuatu/losoue/VU2136224.html,-15.5833,166.7667,Pacific/Efate,,True
ndui-ndui,https://wetter.com/vanuatu/ndui-ndui/VU2135646.html,-15.4,167.7667,Pacific/Efate,,True
soamal,https://wetter.com/vanuatu/soamal/VU2134817.html,-15.6167,168.1167,Pacific/Efate,,True
ponrah,https://wetter.com/vanuatu/ponrah/VU2135187.html,-15.9167,168.2667,Pacific/Efate,,True
saranatogoro,https://wetter.com/vanuatu/saranatogoro/VU2134878.html,-15.35,167.7667,Pacific/Efate,,True
saratamata,https://wetter.com/vanuatu/saratamata/VU8581458.html,-15.2903,167.9668,Pacific/Efate,,True
tavala,https://wetter.com/vanuatu/tavala/VU2134643.html,-15.4167,167.7167,Pacific/Efate,,True
wanou,https://wetter.com/vanuatu/wanou/VU2134241.html,-15.7833,168.1667,Pacific/Efate,,True
vatowasis,https://wetter.com/vanuatu/vatowasis/VU2134407.html,-15.7167,168.1333,Pacific/Efate,,True
vanis,https://wetter.com/vanuatu/vanis/VU2134436.html,-15.7,168.15,Pacific/Efate,,True
tosi,https://wetter.com/vanuatu/tosi/VU2134514.html,-15.6833,168.1333,Pacific/Efate,,True
walourigi,https://wetter.com/vanuatu/walourigi/VU2134254.html,-15.3167,167.85,Pacific/Efate,,True
lamak,https://wetter.com/vanuatu/lamak/VU2136673.html,-15.3833,166.7833,Pacific/Efate,,True
lovenoue,https://wetter.com/vanuatu/lovenoue/VU2136193.html,-15.6333,166.7833,Pacific/Efate,,True
erevoulay,https://wetter.com/vanuatu/erevoulay/VU2137076.html,-15.65,166.7667,Pacific/Efate,,True
eren,https://wetter.com/vanuatu/eren/VU2137078.html,-14.95,167.0167,Pacific/Efate,,True
letut,https://wetter.com/vanuatu/letut/VU2136450.html,-15.0667,167.0333,Pacific/Efate,,True
malori,https://wetter.com/vanuatu/malori/VU2136083.html,-15.4667,166.8833,Pacific/Efate,,True
lokoten,https://wetter.com/vanuatu/lokoten/VU2136368.html,-15.15,167.1,Pacific/Efate,,True
lasoulesoule,https://wetter.com/vanuatu/lasoulesoule/VU2136590.html,-15.6,166.9,Pacific/Efate,,True
naone,https://wetter.com/vanuatu/naone/VU2135740.html,-15.1167,166.7667,Pacific/Efate,,True
vipaka,https://wetter.com/vanuatu/vipaka/VU2134366.html,-13.3655,166.6434,Pacific/Efate,,True
lolmambweo,https://wetter.com/vanuatu/lolmambweo/VU2136355.html,-15.5167,168.1333,Pacific/Efate,,True
vatles,https://wetter.com/vanuatu/vatles/VU2206801.html,-14.2167,167.45,Pacific/Efate,,True
yoegevigemene,https://wetter.com/vanuatu/yoegevigemene/VU2136970.html,-13.1269,166.5842,Pacific/Efate,,True
lesereplag,https://wetter.com/vanuatu/lesereplag/VU2136465.html,-13.5437,167.3408,Pacific/Efate,,True
veutumboso,https://wetter.com/vanuatu/veutumboso/VU2134377.html,-13.9032,167.4522,Pacific/Efate,,True
olwaa,https://wetter.com/vanuatu/olwaa/VU2135476.html,-14.25,167.4167,Pacific/Efate,,True
makeon,https://wetter.com/vanuatu/makeon/VU2136130.html,-14.3667,167.4833,Pacific/Efate,,True
veverao,https://wetter.com/vanuatu/veverao/VU2206799.html,-13.8364,167.6853,Pacific/Efate,,True
ngerenigmen,https://wetter.com/vanuatu/ngerenigmen/VU2136964.html,-13.7097,167.6246,Pacific/Efate,,True
avay-var,https://wetter.com/vanuatu/avay-var/VU2134429.html,-13.7013,167.6347,Pacific/Efate,,True
mwamwako,https://wetter.com/salomonen/mwamwako/SB2206976.html,-10.8833,162.45,Pacific/Guadalcanal,,True
kanava-eha,https://wetter.com/salomonen/kanava-eha/SB2178760.html,-11.6248,160.1622,Pacific/Guadalcanal,,True
malango,https://wetter.com/salomonen/malango/SB2106543.html,-9.6952,159.7173,Pacific/Guadalcanal,,True
honiara,https://wetter.com/salomonen/honiara/SB0GC0001.html,-9.4333,159.95,Pacific/Guadalcanal,,True
di-una,https://wetter.com/salomonen/di-una/SB2206972.html,-10.3454,161.3159,Pacific/Guadalcanal,,True
auki,https://wetter.com/salomonen/auki/SB2109701.html,-8.7678,160.6978,Pacific/Guadalcanal,,True
tulagi,https://wetter.com/salomonen/tulagi/SB2102384.html,-9.1031,160.1506,Pacific/Guadalcanal,,True
noro,https://wetter.com/salomonen/noro/SB2104863.html,-8.2227,157.1998,Pacific/Guadalcanal,,True
lata,https://wetter.com/salomonen/lata/SB2178750.html,-10.725,165.7972,Pacific/Guadalcanal,,True
taro,https://wetter.com/salomonen/taro/SB11423653.html,-6.7111,156.3972,Pacific/Guadalcanal,,True
valasi,https://wetter.com/salomonen/valasi/SB2102175.html,-9.658,160.5358,Pacific/Guadalcanal,,True
gizo,https://wetter.com/salomonen/gizo/SB2108857.html,-8.103,156.8419,Pacific/Guadalcanal,,True
kanggava,https://wetter.com/salomonen/kanggava/SB2178758.html,-11.6854,160.3187,Pacific/Guadalcanal,,True
nggosi,https://wetter.com/salomonen/nggosi/SB2105033.html,-9.4358,159.9326,Pacific/Guadalcanal,,True
buala,https://wetter.com/salomonen/buala/SB2109528.html,-8.145,159.5921,Pacific/Guadalcanal,,True
kirakira,https://wetter.com/salomonen/kirakira/SB2178753.html,-10.4544,161.9205,Pacific/Guadalcanal,,True
kapunda,https://wetter.com/australien/kapunda/AU2068734.html,-34.3387,138.9164,Australia/Adelaide,,True
murray-bridge,https://wetter.com/australien/murray-bridge/AU0SA0008.html,-35.1199,139.2735,Australia/Adelaide,,True
aldgate,https://wetter.com/australien/aldgate/AU2077937.html,-35.0167,138.7333,Australia/Adelaide,,True
mount-barker,https://wetter.com/australien/mount-barker/AU2065665.html,-35.0667,138.8667,Australia/Adelaide,,True
prospect,https://wetter.com/australien/prospect/AU2062944.html,-34.8824,138.5933,Australia/Adelaide,,True
nuriootpa,https://wetter.com/australien/nuriootpa/AU2064340.html,-34.4683,138.9977,Australia/Adelaide,,True
loxton,https://wetter.com/australien/loxton/AU0SA0005.html,-34.4502,140.5691,Australia/Adelaide,,True
millicent,https://wetter.com/australien/millicent/AU0SA0006.html,-37.5939,140.3495,Australia/Adelaide,,True
port-lincoln,https://wetter.com/australien/port-lincoln/AU2063036.html,-34.7263,135.8744,Australia/Adelaide,,True
marion,https://wetter.com/australien/marion/AU2066954.html,-35.0042,138.5531,Australia/Adelaide,,True
berri,https://wetter.com/australien/berri/AU2176071.html,-34.2811,140.5996,Australia/Adelaide,,True
grange,https://wetter.com/australien/grange/AU2070515.html,-34.9022,138.4902,Australia/Adelaide,,True
klemzig,https://wetter.com/australien/klemzig/AU6621338.html,-34.8793,138.6356,Australia/Adelaide,,True
gawler,https://wetter.com/australien/gawler/AU2071059.html,-34.6025,138.749,Australia/Adelaide,,True
encounter-bay,https://wetter.com/australien/encounter-bay/AU2071961.html,-35.5742,138.6006,Australia/Adelaide,,True
happy-valley,https://wetter.com/australien/happy-valley/AU2070106.html,-35.0833,138.5333,Australia/Adelaide,,True
brighton,https://wetter.com/australien/brighton/AU0SA0003.html,-35.0182,138.5235,Australia/Adelaide,,True
clare,https://wetter.com/australien/clare/AU2074329.html,-33.8333,138.6106,Australia/Adelaide,,True
campbelltown,https://wetter.com/australien/campbelltown/AU2075056.html,-34.8833,138.6667,Australia/Adelaide,,True
adelaide,https://wetter.com/australien/adelaide/AU0SA0001.html,-34.9287,138.5986,Australia/Adelaide,,True
barmera,https://wetter.com/australien/barmera/AU2176829.html,-34.2556,140.4615,Australia/Adelaide,,True
salisbury,https://wetter.com/australien/salisbury/AU2062013.html,-34.7667,138.6333,Australia/Adelaide,,True
lewiston,https://wetter.com/australien/lewiston/AU2067760.html,-34.6045,138.5913,Australia/Adelaide,,True
mitcham,https://wetter.com/australien/mitcham/AU2066066.html,-34.9789,138.6218,Australia/Adelaide,,True
wallaroo,https://wetter.com/australien/wallaroo/AU2059263.html,-33.9388,137.6337,Australia/Adelaide,,True
bridgewater,https://wetter.com/australien/bridgewater/AU2075806.html,-35.014,138.7665,Australia/Adelaide,,True
reynella,https://wetter.com/australien/reynella/AU0SA0010.html,-35.0937,138.5308,Australia/Adelaide,,True
willaston,https://wetter.com/australien/willaston/AU2058325.html,-34.5864,138.7412,Australia/Adelaide,,True
port-augusta,https://wetter.com/australien/port-augusta/AU2063056.html,-32.496,137.7728,Australia/Adelaide,,True
renmark,https://wetter.com/australien/renmark/AU2151737.html,-34.177,140.747,Australia/Adelaide,,True
whyalla,https://wetter.com/australien/whyalla/AU0SA0011.html,-33.0327,137.5648,Australia/Adelaide,,True
strathalbyn,https://wetter.com/australien/strathalbyn/AU2060951.html,-35.2598,138.8925,Australia/Adelaide,,True
mount-gambier,https://wetter.com/australien/mount-gambier/AU0SA0007.html,-37.8318,140.7792,Australia/Adelaide,,True
victor-harbor,https://wetter.com/australien/victor-harbor/AU2059470.html,-35.5504,138.6215,Australia/Adelaide,,True
tanunda,https://wetter.com/australien/tanunda/AU2060604.html,-34.5234,138.9598,Australia/Adelaide,,True
port-augusta-west,https://wetter.com/australien/port-augusta-west/AU2063055.html,-32.4861,137.7583,Australia/Adelaide,,True
tea-tree-gully,https://wetter.com/australien/tea-tree-gully/AU2060497.html,-34.8167,138.7333,Australia/Adelaide,,True
naracoorte,https://wetter.com/australien/naracoorte/AU2155796.html,-36.9579,140.7383,Australia/Adelaide,,True
nairne,https://wetter.com/australien/nairne/AU2065078.html,-35.0345,138.9115,Australia/Adelaide,,True
port-pirie,https://wetter.com/australien/port-pirie/AUXY00002.html,-33.1918,138.0175,Australia/Adelaide,,True
broken-hill,https://wetter.com/australien/broken-hill/AU0NS0013.html,-31.9652,141.4512,Australia/Broken_Hill,,True
